,,standard withdraw rate,,,,,,,,,,,,,,,,,,,,,,,,,,,,,,,,,,,,,,,,,,,,,,,,,,,,,,,,,,,,,,,,,
,,2012.01,2012.02,2012.03,2012.04,2012.05,2012.06,2012.07,2012.08,2012.09,2012.1,2012.11,2012.12,2013.01,2013.02,2013.03,2013.04,2013.05,2013.06,2013.07,2013.08,2013.09,2013.1,2013.11,2013.12,2014.01,2014.02,2014.03,2014.04,2014.05,2014.06,2014.07,2014.08,2014.09,2014.1,2014.11,2014.12,2015.01,2015.02,2015.03,2015.04,2015.05,2015.06,2015.07,2015.08,2015.09,2015.1,2015.11,2015.12,2016.01,2016.02,2016.03,2016.04,2016.05,2016.06,2016.07,2016.08,2016.09,2016.1,2016.11,2016.12,2017.01,2017.02,2017.03,2017.04,2017.05,total
860000,personal sales,,,,,,,,,,,,,,,,,,,,,,,,,,,,,,,,,,,,,,,,,,,,,,,,,,,,,,,,,,,,,,,,,,
8601-Beijing Branch,personal sales,0.7432%,1.9500%,2.1987%,2.4953%,2.7419%,3.7082%,4.3709%,4.4162%,4.8145%,5.0082%,5.0419%,5.3861%,1.4094%,1.5841%,1.8920%,2.2940%,2.4407%,2.5388%,3.0628%,4.1326%,4.3086%,4.6674%,4.7612%,5.5106%,0.5350%,0.8657%,1.3215%,1.7950%,2.0893%,2.4968%,3.7008%,3.8018%,4.1509%,4.7849%,4.9080%,5.3163%,0.6410%,0.7553%,1.2403%,1.5609%,1.7796%,2.1561%,2.6287%,2.9722%,3.4206%,3.6182%,3.9523%,4.3100%,0.7698%,1.1204%,1.4412%,1.7355%,2.0928%,2.3726%,2.5952%,3.0087%,3.4641%,4.0415%,4.3579%,4.8062%,0.5682%,0.8714%,1.1225%,1.3737%,1.8784%,2.5567%
8602-Hunan Branch,personal sales,0.5617%,1.0047%,1.8233%,2.3319%,2.7402%,3.0590%,3.5201%,3.9288%,4.4455%,4.8823%,5.3124%,5.9222%,0.5066%,0.7461%,1.1911%,1.6488%,1.9665%,2.3134%,2.7073%,3.0831%,3.4936%,3.9978%,4.4544%,5.0104%,0.5159%,0.8148%,1.3902%,1.7693%,2.1384%,2.5952%,2.8933%,3.1811%,3.6777%,4.3148%,4.6841%,5.0253%,0.3593%,0.5864%,0.8562%,1.1335%,1.4657%,1.6884%,1.8795%,2.0761%,2.3005%,2.5857%,2.9014%,3.1854%,0.2754%,0.3940%,0.6369%,0.7977%,0.9859%,1.1747%,1.3087%,1.8275%,2.0430%,2.1770%,2.3779%,2.5850%,0.1708%,0.3725%,0.5293%,0.6712%,0.8225%,1.8122%
8603-Chongqing Branch,personal sales,0.2364%,0.4047%,0.9417%,1.1295%,1.3991%,1.6309%,1.8776%,2.2712%,2.5943%,2.9364%,3.2880%,3.8793%,0.5147%,0.8869%,1.2717%,1.6849%,2.0741%,2.2981%,2.5466%,2.8929%,3.2420%,3.5365%,3.8784%,4.3852%,0.4238%,0.6821%,1.0005%,1.2503%,1.5598%,2.0849%,2.3467%,2.5406%,2.8206%,3.0568%,3.3693%,3.8222%,0.3341%,0.5843%,0.9534%,1.1752%,1.3667%,1.6955%,1.9353%,2.1523%,2.3609%,2.7332%,2.9622%,3.3016%,0.2506%,0.4680%,0.8382%,1.0812%,1.2728%,1.5709%,1.7325%,1.9089%,2.1331%,2.2682%,2.4891%,2.7194%,0.2103%,0.3912%,0.6638%,0.8114%,0.9625%,1.6542%
8604-Shaanxi Branch,personal sales,0.5513%,1.2692%,2.2351%,2.9591%,3.6105%,4.1418%,4.8221%,5.3307%,5.9840%,6.2555%,6.8868%,7.4312%,1.1917%,1.5222%,2.2311%,2.9945%,3.5335%,4.0476%,4.5818%,4.9677%,5.5173%,5.9645%,6.6632%,7.2959%,0.7068%,1.1355%,1.7655%,2.3103%,2.8296%,3.2206%,3.5526%,4.0044%,4.3591%,4.6831%,5.0640%,5.4191%,0.5613%,1.1003%,1.5879%,1.9475%,2.2368%,2.5349%,2.8043%,3.0287%,3.2814%,3.5022%,3.8114%,4.0908%,0.3381%,0.4755%,0.7477%,0.9180%,1.3009%,1.5574%,1.7135%,1.9291%,2.1060%,2.3421%,2.5285%,2.9112%,0.3033%,0.7630%,1.0389%,1.1374%,1.3108%,2.4005%
8605-Guangdong Branch,personal sales,0.2614%,2.3671%,2.6958%,2.9290%,4.3654%,4.8463%,5.2768%,6.0499%,6.3015%,6.6158%,6.9318%,7.2599%,0.6278%,0.8524%,1.2131%,1.4650%,1.9669%,2.1898%,2.3872%,2.6496%,2.8728%,3.2397%,3.4672%,3.8645%,0.3582%,0.5437%,1.0264%,1.3149%,1.5292%,1.7337%,1.9822%,2.3289%,2.5926%,2.8500%,3.1639%,3.5472%,0.3117%,0.4982%,0.7616%,1.0121%,1.2350%,1.5714%,1.8074%,2.0539%,2.3523%,2.5460%,2.9029%,3.1911%,0.2470%,0.4234%,0.7610%,0.9432%,1.1380%,1.2461%,1.4465%,1.6420%,1.8807%,2.0816%,2.2724%,2.5987%,0.2781%,0.3814%,0.6478%,0.7758%,0.9250%,1.7331%
8606-Shandong Branch,personal sales,0.5270%,0.9335%,1.4799%,1.7737%,2.1520%,2.4888%,2.8594%,3.2254%,3.5366%,3.8570%,4.2310%,4.7369%,0.5721%,0.7609%,1.1635%,1.5148%,1.8069%,2.1449%,2.4825%,2.7912%,3.0284%,3.3426%,3.5367%,3.9064%,0.3342%,0.5316%,0.7643%,0.9877%,1.2228%,1.4762%,1.7221%,1.9030%,2.0751%,2.2589%,2.5435%,2.9120%,0.3099%,0.5266%,0.8012%,1.0336%,1.3431%,1.5565%,1.7147%,1.9122%,2.0981%,2.2821%,2.4871%,2.7796%,0.2345%,0.3555%,0.5765%,0.7525%,0.8884%,1.0578%,1.2109%,1.4641%,1.6684%,1.8157%,1.9702%,2.2088%,0.1850%,0.3118%,0.4761%,0.6086%,0.7321%,1.3887%
8607-Hubei Branch,personal sales,0.4146%,0.7336%,1.2210%,1.5301%,1.8638%,2.5507%,3.1795%,3.6856%,4.0790%,4.4220%,4.8957%,5.3305%,0.4836%,0.7145%,1.1572%,1.5247%,1.9284%,2.2270%,2.5693%,2.9509%,3.3780%,3.7804%,4.1565%,4.5256%,0.3724%,0.6715%,1.1636%,1.4991%,1.8036%,2.1571%,2.5317%,2.7708%,3.1191%,3.3642%,3.6511%,3.9643%,0.3345%,0.5551%,1.1243%,1.4079%,1.7829%,2.2278%,2.3451%,2.5565%,2.7817%,2.9622%,3.1333%,3.4248%,0.2109%,0.3427%,0.5275%,0.7381%,1.0428%,1.2113%,1.3522%,1.5303%,1.7370%,1.8407%,1.9758%,2.2014%,0.1260%,0.2599%,0.4359%,0.5895%,0.7694%,1.6336%
8608-Zhejiang Branch,personal sales,0.4260%,0.8224%,1.3445%,1.6850%,1.9954%,2.3403%,2.8037%,3.2134%,3.5855%,3.9146%,4.3775%,4.8445%,0.5241%,0.7961%,1.1996%,1.5515%,1.8888%,2.1202%,2.4602%,2.7262%,3.0433%,3.3711%,3.7011%,4.0547%,0.4530%,0.7402%,1.1281%,1.4845%,1.7683%,2.0128%,2.2956%,2.5823%,2.8622%,3.0661%,3.3177%,3.6821%,0.2418%,0.4547%,0.7781%,1.0332%,1.2804%,1.5054%,1.6465%,1.8267%,2.0187%,2.2058%,2.4976%,2.7629%,0.2675%,0.3957%,0.6223%,0.7623%,0.9270%,1.0752%,1.2388%,1.5249%,1.8097%,1.9589%,2.0976%,2.3960%,0.2355%,0.3948%,0.5889%,0.7237%,0.8701%,1.5419%
8609-Sichuan Branch,personal sales,0.4108%,0.7805%,1.1539%,1.4282%,1.7396%,2.6761%,3.0791%,3.5858%,4.0433%,4.3162%,5.2742%,5.8016%,0.5202%,0.9136%,1.3759%,1.6724%,1.9752%,2.2497%,2.8337%,3.1595%,3.4917%,3.7777%,4.0952%,4.5308%,0.4194%,0.7770%,1.0963%,1.3624%,1.6438%,1.9210%,2.3700%,2.5747%,2.8033%,3.0873%,3.4096%,3.7658%,0.3397%,0.4994%,0.8441%,1.0517%,2.4850%,2.7071%,2.7279%,2.9097%,3.0382%,3.2294%,3.3473%,3.6254%,0.2685%,0.5090%,0.6991%,0.8328%,0.9578%,1.1053%,1.2431%,1.4272%,1.6088%,1.8079%,2.2300%,2.4434%,0.1634%,0.3120%,0.5017%,0.6521%,0.7442%,1.6891%
8610-Anhui Branch,personal sales,0.5544%,1.1146%,1.6346%,2.0617%,2.6407%,3.0865%,3.6115%,3.9738%,4.3192%,4.8204%,5.1426%,5.6869%,0.6526%,1.0490%,1.5720%,1.9207%,2.3733%,2.8594%,3.3267%,3.7506%,4.2314%,4.8017%,5.3283%,5.8083%,0.4584%,0.8066%,1.2754%,1.6742%,2.0795%,2.4507%,2.9257%,3.3147%,3.6931%,4.0401%,4.4466%,4.8599%,0.4480%,0.8758%,1.5021%,1.8762%,2.1898%,2.5404%,2.8614%,3.1983%,3.5395%,3.8369%,4.1457%,4.4667%,0.3930%,0.7361%,1.1097%,1.3134%,1.5690%,1.7570%,2.1229%,2.3208%,2.5217%,2.7939%,3.0625%,3.4075%,0.2242%,0.4992%,0.7157%,0.9111%,1.0576%,2.2231%
8611-Heilongjiang Branch,personal sales,0.8798%,1.6847%,2.6721%,3.2464%,3.8915%,4.5236%,5.2179%,5.8845%,6.4389%,7.1874%,7.8175%,8.5597%,0.9627%,1.5185%,2.1552%,2.7964%,3.2582%,3.5637%,4.0521%,4.4907%,4.9270%,5.3589%,5.6440%,6.0879%,0.5857%,0.9381%,1.3324%,1.7539%,2.0678%,2.3216%,2.5914%,2.8595%,3.1924%,3.3696%,3.7477%,4.1896%,0.4251%,0.7122%,1.0523%,1.3600%,1.5984%,1.8102%,2.0312%,2.2896%,2.5766%,2.7775%,3.0304%,3.3902%,0.2545%,0.4203%,0.6577%,0.8502%,1.0205%,1.1421%,1.3213%,1.4909%,1.6953%,1.7890%,1.9387%,2.1666%,0.1903%,0.3120%,0.4896%,0.5935%,0.7246%,1.8998%
8612-Jiangsu Branch,personal sales,0.4449%,0.8689%,1.4257%,1.8620%,2.2983%,2.9007%,3.3897%,3.8764%,4.3577%,4.6996%,5.0540%,5.5613%,0.5308%,0.8123%,1.2924%,1.6739%,2.1017%,2.4943%,2.8337%,3.3240%,3.6962%,4.1064%,4.4870%,4.9814%,0.4541%,0.7725%,1.3485%,1.7423%,2.2233%,2.5483%,2.8927%,3.2694%,3.6465%,4.0268%,4.3981%,4.9458%,0.4562%,0.8630%,1.3250%,1.7498%,2.1671%,2.5546%,2.7952%,3.0805%,3.3880%,3.7041%,4.0726%,4.5055%,0.2624%,0.5313%,0.8931%,1.1750%,1.4400%,1.6789%,1.9435%,2.2892%,2.7015%,3.0198%,3.2747%,3.6568%,0.2425%,0.4273%,0.8100%,1.0374%,1.2401%,2.1841%
8613-Inner Mongolia Branch,personal sales,0.1926%,0.4287%,0.8066%,1.1114%,1.4098%,1.6505%,1.9176%,2.2102%,2.3533%,2.5408%,2.8214%,3.1484%,2.2217%,2.2986%,2.5402%,2.7244%,3.4661%,3.7492%,3.8930%,4.0388%,4.1916%,4.3522%,4.4694%,4.7266%,0.2393%,0.3808%,0.6454%,0.8686%,1.0691%,1.3021%,1.5435%,1.8624%,2.1055%,2.2825%,2.4292%,2.7542%,0.1601%,0.2542%,0.3934%,0.5671%,0.7208%,0.8644%,0.9350%,1.1484%,1.3285%,1.4468%,1.5306%,1.6999%,0.1543%,0.2816%,0.5971%,0.7283%,0.8333%,0.9539%,1.1108%,1.2625%,1.3735%,1.4532%,1.6114%,1.8456%,0.1789%,0.2848%,0.4686%,0.7127%,0.8083%,1.2633%
8614-Yunnan Branch,personal sales,0.2733%,0.8310%,1.3932%,1.9569%,2.3732%,2.8992%,3.2999%,3.7550%,4.0199%,4.3508%,4.7130%,4.9894%,1.1003%,1.3709%,2.1525%,2.4318%,2.6761%,2.8790%,3.1802%,3.5234%,3.8956%,4.0404%,4.5573%,4.9547%,0.2964%,0.5185%,0.8346%,1.1397%,1.5601%,1.8316%,2.2454%,2.4202%,2.6865%,2.9820%,3.2143%,3.6037%,0.3057%,0.5180%,0.7706%,1.0629%,1.3706%,1.6311%,1.7878%,2.0584%,2.2060%,2.6599%,2.8161%,3.1156%,0.2561%,0.4780%,0.6660%,0.7803%,0.9434%,1.1268%,1.2528%,1.4262%,1.5863%,1.7835%,2.0189%,2.2721%,0.1599%,0.3011%,0.4895%,0.6033%,0.8616%,1.6478%
8615-Tianjin Branch,personal sales,0.5684%,1.1995%,1.7363%,2.2579%,2.9033%,3.4880%,4.1402%,4.6217%,5.0030%,5.3145%,5.6313%,6.1185%,0.5976%,0.7940%,1.4260%,1.7040%,2.1871%,2.5020%,2.7127%,2.9823%,3.2954%,3.7018%,3.9187%,4.3939%,0.5723%,0.9035%,1.4865%,1.9613%,2.2474%,2.5075%,2.6736%,3.1177%,3.3476%,3.5667%,3.9903%,4.2858%,0.2976%,0.6056%,0.9613%,1.3901%,1.8323%,2.0518%,2.1787%,2.4458%,2.6960%,2.8525%,3.0685%,3.4071%,0.2917%,0.4290%,0.5674%,0.7225%,0.8960%,1.1370%,1.3306%,1.5800%,1.8293%,1.9724%,2.1262%,2.3929%,0.2785%,0.4626%,0.7537%,0.9228%,1.2241%,1.8330%
8616-Liaoning Branch,personal sales,0.6708%,1.5369%,2.8246%,3.2808%,3.8766%,6.0023%,8.3699%,9.3270%,10.0879%,10.2855%,10.5442%,10.9124%,0.8896%,1.2217%,1.7417%,2.3237%,2.8740%,3.2363%,3.6072%,3.9797%,4.5206%,4.9436%,5.4035%,5.8009%,0.4942%,0.8391%,1.3219%,1.6448%,1.9632%,2.3648%,2.7521%,3.0598%,3.9596%,4.3293%,4.6812%,5.2835%,0.6760%,1.0138%,1.5277%,1.8601%,2.1365%,2.6810%,2.6515%,2.8816%,3.0873%,3.2682%,3.4567%,3.8520%,0.2168%,0.4575%,0.7368%,0.8866%,0.9996%,1.1597%,1.2963%,1.5119%,1.7506%,1.8335%,2.2697%,2.5022%,0.2806%,0.5720%,0.8100%,0.9381%,1.0969%,2.0533%
8617-Henan Branch,personal sales,0.3666%,0.7213%,1.1726%,1.4879%,1.7971%,2.1528%,2.4172%,2.6998%,2.9398%,3.1319%,3.3482%,3.6652%,0.4843%,0.6952%,1.0601%,1.3422%,1.6543%,1.8886%,2.1514%,2.3982%,2.6500%,2.9286%,3.1374%,3.4358%,0.3683%,0.5879%,0.9631%,1.2451%,1.5085%,1.7442%,2.0777%,2.2688%,2.5345%,2.6740%,2.8873%,3.1741%,0.2659%,0.4702%,0.7342%,0.9441%,1.1835%,1.4279%,1.6533%,1.9237%,2.1285%,2.3040%,2.6917%,2.9892%,0.2259%,0.3694%,0.5850%,0.7687%,0.9291%,1.1187%,1.3954%,1.6063%,1.7786%,1.9042%,2.0804%,2.3487%,0.1825%,0.3748%,0.7111%,0.8766%,1.1271%,1.4203%
8618-Ningbo Center Branch,personal sales,0.0486%,0.9841%,1.0567%,2.0048%,2.4227%,2.8016%,3.5854%,4.0795%,4.1453%,4.2865%,4.5050%,4.9284%,0.1128%,0.3555%,0.6124%,0.7197%,1.1896%,1.3024%,1.3317%,1.7124%,1.8210%,1.8712%,2.0730%,2.3848%,0.3041%,0.7253%,0.8521%,1.2375%,1.3826%,1.4798%,1.7149%,1.7631%,1.8248%,1.9016%,2.1205%,2.6053%,0.2357%,0.3632%,0.4868%,0.5490%,0.6562%,1.0352%,1.0458%,1.2591%,1.4002%,1.5081%,1.8664%,2.0443%,0.1229%,0.3800%,0.6980%,0.7497%,0.8998%,1.0784%,1.1874%,1.4497%,1.5715%,1.6458%,1.7626%,2.3084%,0.1163%,0.1846%,0.2313%,0.4638%,0.5639%,1.1096%
8619-Shenzhen Branch,personal sales,0.1266%,0.3977%,0.5449%,0.8297%,1.2274%,1.3946%,1.6402%,1.8459%,2.1647%,3.9760%,4.1791%,4.5624%,0.4313%,0.5530%,0.8271%,1.4607%,1.5412%,1.6931%,2.0797%,2.2587%,2.6371%,3.0351%,3.4391%,4.3182%,0.1004%,0.1796%,0.3743%,0.5593%,1.2694%,1.3284%,1.4505%,1.5021%,1.7917%,2.5015%,3.2534%,3.4734%,0.3916%,0.6080%,0.6405%,0.6818%,0.8664%,3.9301%,8.8982%,9.1110%,9.1561%,9.2011%,9.2867%,9.5241%,0.3243%,0.3568%,1.1080%,1.4166%,1.7722%,1.7710%,1.7705%,2.3801%,2.4600%,2.5869%,2.5643%,2.8661%,0.1443%,0.1434%,0.5887%,0.7798%,0.7638%,2.3680%
8620-Qingdao Branch,personal sales,0.4973%,0.9957%,1.3487%,2.0397%,2.5556%,2.8078%,3.2925%,3.5528%,3.7226%,3.9117%,4.3017%,5.3456%,0.5861%,0.8006%,1.1218%,1.2706%,1.6927%,2.8708%,3.3468%,3.6447%,4.1718%,4.4653%,4.8762%,5.5266%,0.2641%,0.5623%,1.1297%,1.5417%,1.8583%,2.1201%,2.4061%,3.0082%,3.3108%,3.6788%,4.1656%,4.7100%,0.2018%,0.5910%,0.8661%,1.2096%,1.6246%,1.9176%,2.2365%,2.3442%,2.7229%,2.7491%,2.9949%,3.4486%,0.1810%,0.2656%,0.4786%,0.6721%,0.8448%,1.0604%,1.0826%,1.2441%,1.4696%,1.5917%,1.7894%,2.1363%,0.1517%,0.2531%,0.4534%,0.6207%,0.7043%,1.6513%
8621-Hebei Branch,personal sales,0.4917%,1.0163%,1.4506%,1.9164%,2.3257%,2.7268%,3.6171%,4.1178%,4.5077%,4.8020%,5.3520%,6.3206%,0.9558%,1.2688%,1.8046%,2.3046%,2.7321%,2.9931%,3.4798%,3.8806%,4.3213%,4.7632%,5.1639%,5.6684%,0.6072%,0.8901%,1.2862%,1.5845%,1.9926%,2.4340%,2.7042%,2.9327%,3.1284%,3.4083%,3.9050%,4.3451%,0.3814%,0.5729%,0.8246%,1.1277%,1.4109%,1.8199%,1.9525%,2.2243%,2.4529%,2.6408%,2.8670%,3.2485%,0.2622%,0.4012%,0.6270%,0.8196%,0.9903%,1.1791%,1.4000%,1.6230%,1.8328%,1.9816%,2.1927%,2.4321%,0.1911%,0.3416%,0.5349%,0.6768%,0.8298%,1.7432%
8622-Jiangxi Branch,personal sales,0.6693%,1.5737%,2.3143%,3.0649%,3.5746%,3.7438%,4.2598%,4.8104%,5.5029%,5.8708%,6.3338%,7.0571%,0.8351%,1.2281%,2.0147%,2.5537%,2.9931%,3.3275%,3.9617%,4.3102%,4.6738%,4.9962%,5.3992%,5.9232%,0.3963%,0.6514%,1.0257%,1.3570%,1.7010%,1.9763%,2.1864%,2.4022%,2.6843%,2.9044%,3.0940%,3.3481%,0.2962%,0.5143%,0.8064%,0.9968%,1.1876%,1.3683%,1.4458%,1.5881%,1.7742%,1.9209%,2.0991%,2.3126%,0.1373%,0.2985%,0.4543%,0.5648%,0.7265%,0.8963%,1.1259%,1.5647%,1.8775%,1.9696%,2.1270%,2.2814%,0.2239%,0.3415%,0.5068%,0.6700%,0.8328%,1.5721%
8623-Shanghai Branch,personal sales,0.0971%,0.1150%,0.1087%,0.1067%,0.1191%,0.1153%,0.3031%,3.4563%,3.9311%,4.6093%,4.8938%,5.6395%,0.1663%,0.1663%,0.1663%,0.3442%,0.3442%,0.3442%,2.2241%,2.2160%,2.2160%,2.2160%,2.3762%,2.4190%,0.4888%,2.4918%,2.4916%,2.9644%,2.9642%,3.5067%,6.7729%,6.7724%,7.0204%,7.0199%,7.1378%,8.2711%,0.4504%,0.4631%,0.4655%,0.5487%,0.5487%,0.5487%,0.9734%,1.4058%,1.0167%,0.9157%,1.3830%,1.9116%,0.1260%,0.1756%,1.3183%,1.7954%,2.0036%,3.3502%,4.3093%,6.4123%,9.2980%,9.8479%,11.1949%,12.3904%,0.9059%,1.8586%,2.7674%,2.7715%,3.0187%,4.2107%
8624-Shanxi Branch,personal sales,0.1617%,0.4750%,0.6906%,0.7589%,1.0002%,1.1765%,1.3515%,2.0171%,2.1882%,2.3336%,2.5493%,2.5871%,0.1873%,0.4253%,0.7061%,0.9337%,1.1048%,1.5425%,1.7376%,2.0879%,2.3211%,2.6058%,2.5979%,2.8080%,0.2780%,0.3767%,0.6225%,0.8720%,1.0389%,1.1663%,1.9869%,2.1229%,2.3050%,2.6963%,2.9207%,3.3085%,0.3852%,0.6075%,0.7973%,0.9378%,1.1237%,1.2881%,1.3155%,1.5152%,1.6085%,1.6893%,1.7696%,1.8549%,0.1398%,0.1842%,0.3853%,0.4988%,0.6147%,0.7688%,0.9433%,1.2590%,1.4371%,1.5395%,1.6649%,2.1481%,0.1772%,0.3313%,0.5052%,0.5826%,0.7002%,1.0837%
8625-Dalinan Branch,personal sales,0.6289%,1.1468%,7.3410%,7.4126%,7.8354%,8.1979%,9.4002%,10.2949%,10.3299%,10.8662%,11.5992%,13.4196%,2.6576%,3.3799%,4.2532%,5.2609%,5.8203%,6.7502%,7.1173%,7.3714%,7.5459%,7.6639%,7.8651%,8.2781%,0.3814%,0.5613%,0.9277%,1.1104%,1.2223%,1.8947%,1.9753%,2.9097%,3.1491%,3.3837%,3.5663%,4.1166%,0.4097%,0.5898%,1.7345%,1.8900%,2.0885%,2.5164%,2.3696%,2.6249%,2.9350%,3.0033%,3.2129%,3.8464%,0.3412%,0.4724%,0.6180%,0.7715%,0.9268%,1.1209%,1.2546%,1.4048%,1.5921%,1.8177%,2.0289%,2.4496%,0.2608%,0.4216%,0.5303%,1.4465%,1.5137%,2.3648%
8626-Fujian Branch,personal sales,0.7209%,1.2263%,1.6814%,1.7554%,1.9926%,2.1164%,2.2452%,2.4727%,2.6931%,2.8673%,3.5148%,3.7524%,0.6169%,0.7847%,1.0916%,1.2713%,1.4170%,1.5999%,1.9508%,2.1152%,2.2153%,2.2834%,2.5879%,2.6600%,0.3188%,0.4690%,0.7268%,1.1179%,1.2294%,1.3651%,1.3842%,1.4386%,1.5805%,1.8003%,1.9215%,2.0911%,0.1319%,0.2543%,0.4179%,0.7309%,0.8239%,0.9489%,0.9513%,1.0412%,1.1306%,1.2599%,1.3490%,1.5220%,0.1196%,0.1885%,0.4387%,0.5389%,0.6872%,0.9233%,0.9896%,1.1396%,1.3220%,1.4274%,1.5529%,1.6637%,0.1262%,0.2775%,0.4303%,0.5655%,0.6730%,0.9670%
8627-Jilin Branch,personal sales,0.2535%,0.6723%,1.0479%,1.3407%,1.5959%,1.9809%,2.3970%,2.6999%,3.0270%,3.2125%,4.0831%,4.8295%,1.1084%,1.5033%,2.1090%,2.7175%,3.0659%,3.3571%,3.7021%,4.0640%,4.1793%,4.5683%,4.9712%,5.5759%,0.5380%,0.8090%,1.1907%,1.5234%,2.0471%,2.3520%,2.5706%,2.7737%,2.9832%,3.0867%,3.3687%,3.6902%,0.3208%,0.5440%,0.7822%,1.1055%,1.2718%,1.5004%,1.5332%,1.7095%,1.8983%,2.0550%,2.3163%,2.5065%,0.2594%,0.4102%,0.6330%,0.8163%,0.9535%,1.2430%,1.4702%,1.7409%,1.9324%,2.1083%,2.3932%,2.7595%,0.2511%,0.3785%,0.5989%,0.8021%,1.0235%,1.5533%
8628-Xinjiang Branch,personal sales,0.1378%,0.1981%,0.2085%,0.3397%,0.5713%,0.8159%,1.2793%,1.5073%,1.9915%,2.2147%,2.3177%,2.6674%,0.3217%,0.6537%,1.1394%,1.5904%,1.8793%,1.9876%,2.3081%,2.4051%,2.6874%,3.1581%,3.3666%,3.6522%,0.4196%,1.0303%,1.3702%,1.7427%,1.8917%,1.9896%,2.1229%,2.2474%,2.5105%,2.6513%,2.8331%,3.2022%,0.4333%,0.6390%,0.8275%,1.0803%,1.1978%,1.3616%,1.4957%,1.7629%,1.9958%,2.2111%,2.4506%,2.8459%,0.2140%,0.3645%,1.0733%,1.2359%,1.3713%,1.5816%,1.8538%,2.0416%,2.1989%,2.4132%,2.7381%,3.1727%,0.2193%,0.4133%,0.6400%,0.7721%,0.9158%,1.5263%
8629-Guangxi Branch,personal sales,0.7644%,1.2086%,1.5398%,1.8051%,2.4712%,2.6800%,3.2025%,3.4028%,2.9781%,2.9297%,2.7975%,3.1878%,1.8608%,2.6567%,3.0308%,3.6345%,4.9459%,5.2166%,5.4635%,4.8657%,5.2205%,5.3516%,5.8693%,6.2298%,0.6859%,0.8810%,1.1702%,1.3406%,1.7702%,2.0662%,2.5036%,3.3043%,3.5873%,3.8661%,4.0600%,4.2506%,0.2656%,0.7992%,1.1935%,1.3616%,1.5192%,1.5529%,1.5368%,1.8580%,1.9735%,2.0625%,2.2110%,2.6133%,0.1516%,0.2093%,0.3293%,0.4426%,0.7599%,0.9139%,1.0813%,1.1290%,1.2734%,1.3816%,1.5440%,1.7999%,0.1324%,0.2717%,0.4635%,0.6275%,0.7686%,1.3410%
8630-Gansu Branch,personal sales,0.0000%,0.0000%,0.3175%,0.2567%,0.2023%,0.3569%,0.3430%,0.4347%,0.3994%,0.2799%,0.2326%,0.3205%,0.2190%,0.2542%,0.4482%,0.6362%,0.5787%,0.6382%,0.6528%,1.1190%,1.0709%,1.0338%,1.0045%,1.1265%,0.2315%,0.3097%,0.7498%,1.0438%,1.2489%,1.4754%,1.6326%,1.8667%,2.0054%,2.3217%,2.5577%,2.7785%,0.4394%,0.6473%,0.9278%,1.2078%,1.3845%,1.7269%,1.5702%,1.6848%,1.7697%,1.7569%,1.8258%,2.0218%,0.1791%,0.2740%,0.3488%,0.4553%,0.5446%,0.6649%,1.0315%,1.3081%,1.4218%,1.4857%,1.5538%,1.6762%,0.2537%,0.3855%,0.5515%,0.6412%,0.7364%,0.9930%
8631-Hainan Branch,personal sales,,,,,,,,,,,,,,,,,,,,,,,,,,,,,,0.0000%,0.0000%,0.0000%,0.0000%,0.0000%,0.0000%,0.0000%,0.0000%,0.0000%,0.0073%,0.0462%,0.2846%,0.3404%,0.3640%,0.6723%,0.6713%,0.6911%,0.8296%,0.8723%,0.0847%,0.1070%,0.2212%,0.2448%,1.0414%,1.1294%,1.1154%,1.3892%,1.4387%,1.4165%,1.4127%,1.6606%,0.1193%,0.2160%,0.9291%,1.1025%,1.1143%,0.8121%
8632-Ningxia Branch,personal sales,,,,,,,,,,,,,,,,,,,,,,,,,,,,,,,,,,,,,,,,0.0000%,0.0000%,0.0000%,0.0000%,0.0000%,0.0000%,0.0000%,0.0000%,0.0000%,0.0174%,0.0161%,0.0202%,0.0178%,0.0159%,0.1285%,0.4080%,0.4019%,0.5796%,0.5490%,0.5012%,0.5534%,0.1256%,0.5785%,0.5938%,0.6064%,0.6366%,0.4282%
8633-Guizhou Branch,personal sales,,,,,,,,,,,,,,,,,,,,,,,,,,,,,,,,,,,,,,,,,0.0000%,0.0078%,0.0042%,0.0039%,0.0072%,0.0135%,0.0858%,0.1105%,0.0064%,0.0892%,0.0941%,0.1426%,0.2799%,0.3634%,0.4204%,0.4338%,0.7829%,0.6851%,0.6950%,0.8801%,0.0435%,0.1963%,0.2186%,0.2263%,0.3265%,0.3039%
8634-Weifang Center Branch,personal sales,,,,,,,,,,,,,,,,,,,,,,,,,,,,,,,,,,,,,,,,,,,,,,,,,,,,,,,,,,,,,,,,,,
Mechanism,personal sales,0.4658%,1.0318%,1.6276%,2.0281%,2.4971%,3.0165%,3.5849%,4.0632%,4.4567%,4.8047%,5.2319%,5.7747%,0.7353%,1.0307%,1.5183%,1.9191%,2.3183%,2.6296%,2.9987%,3.3532%,3.7042%,4.0646%,4.4043%,4.8361%,0.4432%,0.7227%,1.1331%,1.4642%,1.7960%,2.1076%,2.4197%,2.6899%,2.9932%,3.2575%,3.5775%,3.9749%,0.3573%,0.6114%,0.9597%,1.2458%,1.5642%,1.8653%,2.0368%,2.2702%,2.4959%,2.7098%,2.9574%,3.2732%,0.2516%,0.4253%,0.6827%,0.8646%,1.0497%,1.2361%,1.4313%,1.6789%,1.9181%,2.0824%,2.2926%,2.5671%,0.2119%,0.3815%,0.6075%,0.7636%,0.9293%,1.7267%